Conc,pK,a_b
0.0203249380496406,2.81793916268248,a
0.0164479023841346,4.27822581743704,a
0.00602069297707433,6.10737380234509,a
0.00379027698967938,7.39074899158279,b
0.00501486375763884,8.71480738037853,b
0.0146266444609387,9.76144544707186,b
0.03579632143067,11.9991686518199,a
